customer_id,industry,monthly_spend,transactions,tenure_months,complaints,late_payments,churn
1,Healthcare,139.11,20,16,0,0,0
2,Telecom,335.78,11,29,1,0,1
3,Retail,275.39,9,8,0,0,0
4,Healthcare,218.85,11,3,1,0,1
5,Healthcare,297.46,15,19,1,1,0
6,Telecom,420.3,9,66,0,0,1
7,Retail,263.64,12,22,0,0,0
8,Retail,268.62,9,46,0,0,1
9,Healthcare,215.55,13,13,2,0,0
10,Banking,186.26,15,33,0,0,0
11,Healthcare,312.28,13,5,1,0,1
12,Healthcare,185.79,14,27,0,0,0
13,Healthcare,255.37,17,24,4,0,0
14,Healthcare,214.18,11,67,0,0,1
15,Telecom,285.92,7,63,0,0,1
16,Retail,275.02,10,48,0,0,0
17,Telecom,327.82,7,63,1,0,0
18,Telecom,211.75,12,12,4,1,0
19,Telecom,229.76,12,28,1,0,0
20,Healthcare,176.59,21,44,0,0,1
21,Banking,216.68,14,43,2,0,0
22,Retail,278.3,7,17,0,0,0
23,Banking,306.77,7,40,1,0,1
24,Telecom,180.84,15,49,1,1,0
25,Telecom,315.22,10,57,0,0,0
26,Banking,351.67,16,64,0,1,0
27,Banking,281.01,17,57,0,0,0
28,Banking,390.76,15,70,0,0,0
29,Telecom,191.97,11,43,1,0,0
30,Telecom,156.65,5,23,0,0,0
31,Retail,116.6,9,27,0,0,0
32,Retail,362.2,15,58,0,1,0
33,Telecom,299.08,19,37,1,0,0
34,Banking,245.83,21,6,1,1,0
35,Banking,271.0,10,65,0,1,0
36,Retail,165.59,8,6,0,1,0
37,Telecom,433.43,13,50,0,0,0
38,Retail,259.69,13,22,1,0,0
39,Retail,258.2,11,25,1,0,0
40,Healthcare,304.43,9,51,2,0,1
41,Healthcare,286.08,18,48,0,0,0
42,Healthcare,266.79,12,70,1,0,1
43,Banking,190.71,14,65,0,0,1
44,Telecom,285.36,8,60,0,1,0
45,Telecom,391.15,13,46,1,1,0
46,Telecom,350.91,12,36,0,0,1
47,Telecom,369.49,12,58,0,0,0
48,Healthcare,211.66,6,38,1,0,1
49,Banking,175.78,15,11,0,0,0
50,Banking,240.57,12,12,0,0,0
51,Healthcare,254.18,4,42,1,0,0
52,Banking,332.06,11,39,1,0,0
53,Healthcare,123.07,16,71,1,0,0
54,Telecom,364.72,21,11,0,0,0
55,Healthcare,238.15,13,36,0,0,1
56,Telecom,217.98,11,52,0,1,1
57,Telecom,174.09,6,31,0,0,0
58,Retail,125.89,15,33,1,0,1
59,Healthcare,311.74,12,13,1,0,1
60,Retail,255.5,9,18,0,0,1
61,Healthcare,153.25,14,41,0,0,0
62,Healthcare,152.87,13,58,0,0,1
63,Retail,224.82,12,56,0,0,0
64,Retail,375.18,18,24,1,0,0
65,Healthcare,230.53,13,31,0,0,1
66,Banking,137.26,10,55,2,0,0
67,Telecom,231.57,14,10,1,0,0
68,Retail,229.55,11,60,2,0,1
69,Telecom,47.73,12,2,1,0,0
70,Banking,245.93,7,15,1,1,1
71,Banking,232.68,11,3,0,1,1
72,Banking,302.22,15,43,0,0,0
73,Retail,388.67,11,31,2,1,0
74,Banking,334.49,13,70,1,0,1
75,Retail,229.83,15,67,0,1,0
76,Banking,167.01,13,56,0,0,1
77,Telecom,443.0,14,63,1,0,1
78,Telecom,254.44,7,15,0,1,0
79,Healthcare,251.04,9,10,2,0,0
80,Telecom,248.19,3,38,1,0,1
81,Healthcare,264.86,16,47,0,0,0
82,Telecom,239.17,20,57,1,0,0
83,Retail,206.98,11,50,1,0,1
84,Telecom,208.99,12,71,0,0,1
85,Healthcare,247.54,10,15,0,1,0
86,Healthcare,209.24,17,18,1,0,0
87,Banking,196.54,15,2,0,1,0
88,Retail,257.98,12,43,0,1,1
89,Telecom,230.88,13,26,1,0,1
90,Banking,362.8,10,71,0,0,1
91,Telecom,51.18,9,38,0,1,0
92,Telecom,331.86,12,42,1,0,1
93,Banking,343.46,10,5,0,0,1
94,Banking,94.5,15,11,0,0,0
95,Banking,224.3,8,65,0,0,0
96,Banking,222.14,12,34,1,0,1
97,Banking,144.44,11,1,2,0,0
98,Telecom,191.66,12,2,1,0,0
99,Banking,166.71,23,20,1,0,0
100,Retail,381.42,10,61,0,1,0
101,Healthcare,320.18,9,21,0,0,0
102,Banking,345.37,9,68,1,1,0
103,Banking,304.13,11,12,0,0,1
104,Telecom,165.32,10,22,0,0,1
105,Banking,210.66,16,20,0,0,1
106,Banking,286.7,11,1,0,1,0
107,Banking,158.34,15,30,0,0,1
108,Telecom,303.47,13,24,0,0,1
109,Banking,231.98,6,14,1,1,0
110,Healthcare,221.89,14,36,1,0,0
111,Telecom,303.32,15,69,0,0,0
112,Healthcare,283.32,20,24,2,0,1
113,Telecom,222.93,9,60,3,1,0
114,Banking,336.95,10,55,0,0,1
115,Healthcare,168.92,15,24,1,0,0
116,Telecom,296.2,12,24,0,1,0
117,Retail,294.48,11,54,1,0,1
118,Banking,226.78,14,26,0,0,0
119,Telecom,274.46,18,66,0,0,0
120,Retail,156.17,9,38,1,0,1
121,Telecom,319.3,8,65,1,0,1
122,Retail,236.13,16,51,2,1,0
123,Banking,210.8,14,35,1,0,0
124,Healthcare,328.68,19,43,0,0,0
125,Retail,197.17,11,29,0,0,1
126,Telecom,144.37,15,37,0,0,0
127,Banking,133.25,11,58,1,0,0
128,Retail,295.45,16,54,0,0,0
129,Telecom,153.97,11,39,0,0,1
130,Telecom,381.61,14,42,0,0,1
131,Telecom,93.86,12,28,0,0,1
132,Retail,377.23,8,29,1,0,0
133,Retail,265.83,10,43,0,1,1
134,Retail,242.75,9,3,1,0,0
135,Healthcare,209.13,13,10,0,0,0
136,Retail,279.94,17,59,1,1,1
137,Retail,247.18,14,14,0,0,0
138,Retail,332.75,12,47,0,0,0
139,Healthcare,258.57,10,42,0,0,1
140,Retail,261.27,13,32,1,0,0
141,Telecom,222.73,15,32,0,0,0
142,Retail,245.73,10,42,1,1,0
143,Telecom,273.09,14,32,0,0,0
144,Telecom,121.74,5,26,1,0,1
145,Telecom,148.89,19,1,1,0,0
146,Healthcare,305.74,14,56,1,1,1
147,Healthcare,262.81,8,2,1,0,0
148,Healthcare,236.2,15,30,1,1,0
149,Retail,251.38,9,71,0,0,0
150,Telecom,276.07,7,52,0,0,1
151,Healthcare,209.52,11,9,2,0,0
152,Healthcare,191.63,11,22,0,0,1
153,Retail,264.69,9,34,1,0,0
154,Healthcare,176.62,9,49,2,0,1
155,Retail,280.62,13,1,0,0,1
156,Banking,122.31,10,53,0,0,1
157,Healthcare,327.19,13,40,1,1,1
158,Banking,285.44,14,45,1,1,0
159,Retail,269.2,9,68,0,0,1
160,Telecom,323.7,14,9,0,0,0
161,Healthcare,374.91,10,22,1,0,0
162,Retail,326.08,13,18,0,0,0
163,Telecom,111.93,19,43,0,1,0
164,Telecom,154.03,9,39,0,0,0
165,Banking,203.14,14,6,1,1,0
166,Retail,251.96,11,48,0,1,0
167,Telecom,288.82,13,7,0,1,0
168,Healthcare,195.57,11,69,0,0,0
169,Healthcare,264.01,8,16,0,0,1
170,Banking,193.35,24,1,0,0,1
171,Telecom,204.14,18,37,1,0,1
172,Retail,144.5,9,37,0,0,0
173,Healthcare,180.76,14,64,0,0,0
174,Telecom,148.62,13,62,1,0,1
175,Telecom,176.81,13,61,1,0,1
176,Banking,329.02,14,33,1,0,1
177,Healthcare,178.8,15,66,1,0,0
178,Healthcare,447.43,9,30,0,0,0
179,Retail,287.0,9,20,1,0,1
180,Healthcare,263.86,5,60,1,0,0
181,Retail,185.62,15,24,4,0,0
182,Healthcare,302.52,14,4,1,0,1
183,Banking,206.83,18,37,0,0,1
184,Healthcare,259.15,8,4,2,0,0
185,Retail,442.01,12,18,2,0,0
186,Retail,242.8,11,66,0,0,1
187,Banking,336.2,13,48,0,0,0
188,Healthcare,197.26,9,33,0,0,1
189,Healthcare,247.38,17,58,0,0,1
190,Banking,382.81,15,28,2,1,1
191,Healthcare,202.98,13,35,0,0,1
192,Healthcare,385.93,14,10,0,1,0
193,Retail,303.08,11,65,0,0,0
194,Healthcare,207.81,19,42,0,0,0
195,Healthcare,297.43,16,9,0,0,0
196,Banking,322.94,11,60,0,0,0
197,Banking,296.64,10,15,0,0,0
198,Telecom,132.23,5,57,1,0,1
199,Retail,195.46,18,69,0,0,0
200,Healthcare,231.44,15,22,0,0,0
201,Healthcare,244.42,14,64,0,0,0
202,Telecom,296.55,8,41,1,1,0
203,Healthcare,263.33,6,71,0,0,0
204,Retail,149.85,7,56,1,0,0
205,Telecom,278.51,10,23,1,0,0
206,Retail,295.79,12,25,0,0,1
207,Telecom,291.98,10,6,2,1,1
208,Telecom,331.06,10,34,0,0,1
209,Banking,312.54,20,63,0,0,0
210,Retail,284.44,10,9,1,0,0
211,Healthcare,244.74,7,60,0,0,0
212,Healthcare,125.43,12,49,0,0,0
213,Retail,282.22,16,51,0,1,0
214,Healthcare,265.58,11,60,0,0,0
215,Healthcare,270.37,8,70,0,1,1
216,Retail,154.24,8,37,0,1,0
217,Telecom,168.92,9,31,1,0,0
218,Retail,328.99,8,41,0,0,0
219,Telecom,247.03,14,62,0,0,0
220,Healthcare,301.11,12,58,0,0,1
221,Healthcare,252.12,6,14,0,0,0
222,Healthcare,252.23,9,36,1,1,0
223,Banking,320.37,7,36,1,0,0
224,Telecom,211.3,12,8,0,0,0
225,Banking,257.21,9,26,1,0,0
226,Banking,215.33,11,36,0,0,1
227,Retail,217.41,13,48,0,1,1
228,Banking,226.81,11,28,0,0,1
229,Retail,266.66,12,68,1,0,0
230,Retail,214.09,14,62,0,0,0
231,Banking,344.18,12,51,0,1,0
232,Telecom,182.9,12,42,1,0,1
233,Telecom,235.98,13,29,1,1,1
234,Telecom,217.02,10,10,2,0,1
235,Telecom,358.52,14,39,0,0,0
236,Telecom,264.74,11,1,0,0,0
237,Banking,327.39,9,39,1,0,0
238,Banking,138.58,11,21,0,0,0
239,Healthcare,270.03,15,65,3,0,0
240,Telecom,316.72,12,15,0,0,0
241,Banking,256.17,13,4,0,0,1
242,Healthcare,329.91,9,60,0,0,0
243,Telecom,211.2,14,61,0,0,0
244,Retail,355.7,16,20,0,0,0
245,Healthcare,422.42,10,10,0,0,0
246,Banking,222.79,11,34,0,0,1
247,Retail,216.59,12,48,2,0,0
248,Retail,359.0,11,33,1,0,0
249,Retail,368.47,17,61,2,1,1
250,Healthcare,210.79,11,10,2,0,0
251,Banking,218.49,22,54,0,0,0
252,Retail,228.87,14,65,0,1,1
253,Telecom,149.17,11,1,0,1,1
254,Retail,181.1,13,5,0,0,0
255,Retail,174.69,9,15,0,1,0
256,Healthcare,192.42,11,28,0,0,0
257,Healthcare,247.4,11,23,0,0,1
258,Banking,267.57,14,17,1,0,0
259,Telecom,366.29,14,13,1,0,1
260,Healthcare,175.12,9,14,0,0,1
261,Retail,323.82,12,11,1,1,1
262,Banking,233.95,15,28,0,1,0
263,Retail,246.29,12,42,0,0,0
264,Retail,300.61,15,61,0,0,0
265,Healthcare,165.8,15,64,0,0,1
266,Banking,278.68,8,31,0,0,0
267,Telecom,262.48,13,10,0,0,0
268,Telecom,286.93,8,8,0,0,0
269,Healthcare,271.69,13,21,0,1,0
270,Healthcare,434.15,17,59,1,0,0
271,Banking,202.17,13,50,0,0,0
272,Telecom,210.18,12,69,0,0,0
273,Telecom,203.26,9,70,0,0,0
274,Telecom,208.34,10,30,0,1,0
275,Retail,202.2,9,17,1,0,1
276,Telecom,339.18,17,20,2,0,1
277,Retail,356.54,8,48,0,0,0
278,Banking,207.19,14,2,2,0,0
279,Retail,187.57,15,37,2,0,1
280,Banking,285.36,14,1,1,0,0
281,Telecom,208.58,19,4,0,0,0
282,Telecom,297.47,10,54,2,0,0
283,Banking,265.22,8,25,0,0,0
284,Healthcare,136.32,9,3,1,0,0
285,Banking,366.06,9,9,2,0,1
286,Healthcare,384.69,15,34,0,0,1
287,Retail,204.04,11,43,0,1,0
288,Retail,220.92,9,22,0,0,0
289,Retail,271.44,10,70,1,0,0
290,Telecom,275.08,17,2,0,0,0
291,Retail,299.39,9,66,0,0,0
292,Healthcare,400.77,5,32,0,0,0
293,Retail,236.73,9,16,0,1,1
294,Banking,190.13,11,1,0,0,0
295,Banking,146.55,15,48,0,0,1
296,Telecom,195.18,10,50,0,0,0
297,Banking,247.52,9,13,0,1,0
298,Healthcare,384.59,15,15,0,0,0
299,Retail,211.18,15,53,0,0,0
300,Telecom,266.78,16,44,1,1,1
301,Retail,248.77,13,8,1,0,0
302,Retail,339.13,16,46,0,0,0
303,Healthcare,439.52,15,69,0,0,0
304,Banking,210.18,14,19,3,0,0
305,Banking,213.29,9,38,0,0,0
306,Retail,328.31,10,11,0,0,0
307,Telecom,301.14,15,43,0,0,1
308,Banking,388.5,13,20,0,1,1
309,Telecom,293.79,11,20,0,1,0
310,Banking,223.05,14,21,1,0,0
311,Telecom,294.3,19,57,0,0,0
312,Healthcare,333.15,12,50,2,0,0
313,Telecom,311.54,14,26,2,0,1
314,Healthcare,288.05,9,30,0,0,1
315,Healthcare,330.0,13,31,0,0,0
316,Telecom,337.7,8,42,0,0,0
317,Healthcare,353.66,11,68,0,0,1
318,Retail,298.65,16,61,2,0,1
319,Healthcare,237.47,13,61,2,0,0
320,Banking,261.0,21,70,0,0,0
321,Telecom,340.49,12,68,1,0,0
322,Retail,188.73,8,17,0,0,1
323,Telecom,277.65,13,19,1,0,0
324,Banking,220.5,10,51,0,0,1
325,Banking,252.16,6,70,1,0,0
326,Banking,345.88,14,63,1,0,0
327,Healthcare,264.33,10,30,1,0,0
328,Healthcare,253.48,17,25,1,1,1
329,Telecom,148.01,16,71,0,0,0
330,Telecom,305.97,10,26,0,0,1
331,Retail,298.41,6,56,0,0,0
332,Retail,412.24,6,22,0,1,1
333,Telecom,226.92,9,19,0,0,1
334,Healthcare,266.44,9,31,1,0,0
335,Banking,268.7,8,26,0,0,1
336,Telecom,368.31,9,42,1,0,0
337,Retail,242.85,10,41,0,0,0
338,Healthcare,270.93,9,23,0,0,0
339,Telecom,295.59,9,47,0,1,1
340,Telecom,264.0,14,13,0,0,1
341,Healthcare,216.52,9,66,1,1,0
342,Telecom,264.56,8,66,0,0,1
343,Healthcare,330.52,16,16,0,1,0
344,Banking,173.01,6,28,1,0,1
345,Healthcare,259.97,10,35,3,0,0
346,Healthcare,197.49,15,41,0,1,0
347,Healthcare,339.63,13,31,1,1,0
348,Telecom,135.76,8,32,1,0,0
349,Telecom,208.08,9,54,1,0,0
350,Healthcare,278.29,6,59,2,1,0
351,Telecom,367.41,10,41,0,0,0
352,Retail,245.07,5,66,1,0,1
353,Retail,208.36,11,54,0,1,0
354,Telecom,391.09,13,40,0,0,1
355,Telecom,141.4,10,28,0,0,0
356,Healthcare,85.09,17,37,0,0,0
357,Banking,283.0,8,65,2,0,0
358,Telecom,212.35,15,55,0,0,1
359,Retail,173.41,12,4,1,1,1
360,Healthcare,303.13,10,10,0,0,0
361,Telecom,268.29,11,47,0,1,0
362,Retail,207.69,11,14,0,1,0
363,Retail,153.98,7,38,0,0,0
364,Banking,315.43,20,12,0,0,1
365,Healthcare,298.77,13,45,0,0,0
366,Healthcare,242.56,12,17,0,0,0
367,Banking,388.5,9,35,1,0,1
368,Banking,169.74,11,66,1,0,1
369,Healthcare,135.59,8,41,3,0,0
370,Healthcare,198.11,8,67,0,0,0
371,Telecom,246.58,9,29,0,0,0
372,Telecom,268.25,16,18,0,0,0
373,Banking,231.91,13,20,0,0,0
374,Telecom,276.4,11,14,0,0,1
375,Retail,156.13,11,34,1,0,1
376,Telecom,358.28,13,49,1,0,0
377,Telecom,243.84,15,54,1,0,0
378,Retail,333.8,14,31,1,0,0
379,Banking,275.7,9,58,0,0,0
380,Retail,284.26,9,42,3,0,0
381,Telecom,292.73,15,58,1,0,0
382,Banking,283.58,15,30,0,0,0
383,Telecom,298.2,11,25,0,0,0
384,Retail,349.69,6,63,0,1,0
385,Retail,264.74,18,19,0,0,0
386,Telecom,303.18,10,8,0,1,0
387,Healthcare,243.27,12,3,0,0,0
388,Healthcare,358.01,15,67,0,0,0
389,Retail,199.27,12,17,1,0,0
390,Retail,385.07,15,14,0,0,0
391,Healthcare,246.99,16,9,0,0,1
392,Healthcare,142.69,10,62,1,0,0
393,Telecom,259.61,12,21,0,0,0
394,Telecom,198.92,4,37,1,0,0
395,Healthcare,313.05,12,11,0,0,0
396,Telecom,201.05,16,20,0,0,1
397,Telecom,216.54,9,35,0,0,1
398,Banking,108.28,14,53,0,0,0
399,Telecom,216.08,13,47,0,1,0
400,Retail,68.21,8,52,0,0,0
401,Telecom,131.21,15,8,0,0,0
402,Telecom,307.03,15,4,2,0,0
403,Healthcare,308.94,15,27,1,1,0
404,Retail,281.91,14,44,1,0,0
405,Telecom,177.48,18,40,0,0,0
406,Telecom,246.42,5,47,2,0,1
407,Banking,249.73,16,44,0,0,0
408,Telecom,163.12,15,48,2,0,0
409,Telecom,362.75,10,52,0,0,0
410,Banking,315.8,18,68,0,1,0
411,Healthcare,233.43,13,11,1,0,1
412,Telecom,252.02,10,4,0,0,0
413,Banking,265.63,19,48,0,0,1
414,Retail,96.87,15,26,0,0,0
415,Healthcare,231.46,10,39,1,0,1
416,Retail,198.85,14,58,2,0,1
417,Retail,174.88,10,19,0,0,0
418,Banking,228.92,11,58,0,0,0
419,Telecom,384.83,10,28,0,0,1
420,Banking,298.06,19,66,0,0,0
421,Banking,207.16,11,10,0,0,0
422,Banking,292.94,5,58,1,0,0
423,Banking,354.95,8,14,0,1,0
424,Healthcare,319.35,11,15,0,0,0
425,Telecom,254.47,9,33,0,0,0
426,Retail,201.48,14,17,1,1,0
427,Retail,302.37,15,24,0,0,0
428,Telecom,279.51,17,30,1,1,1
429,Retail,317.14,15,62,0,0,0
430,Telecom,297.64,14,13,0,0,1
431,Retail,328.72,11,62,0,0,1
432,Banking,209.86,10,47,0,1,1
433,Retail,348.8,9,16,0,0,1
434,Telecom,264.82,8,66,1,1,1
435,Telecom,405.64,11,43,2,0,1
436,Telecom,198.31,7,8,0,1,0
437,Telecom,380.2,12,3,0,0,0
438,Telecom,264.84,12,12,1,0,1
439,Healthcare,201.14,13,16,1,1,0
440,Healthcare,213.71,8,59,1,1,1
441,Retail,225.97,12,49,0,0,1
442,Telecom,281.81,10,63,0,0,0
443,Retail,289.21,16,62,0,0,1
444,Telecom,206.97,11,49,0,0,0
445,Telecom,248.17,15,51,2,0,0
446,Healthcare,410.67,13,33,0,0,0
447,Healthcare,379.57,9,30,1,0,0
448,Banking,282.72,13,59,0,0,0
449,Healthcare,252.85,12,15,0,0,0
450,Banking,259.0,8,23,0,0,0
451,Banking,296.01,10,45,0,0,1
452,Banking,173.29,11,62,0,0,0
453,Banking,230.7,4,71,0,0,0
454,Banking,124.86,14,15,1,0,0
455,Retail,279.94,9,46,2,0,1
456,Healthcare,298.54,9,64,1,1,1
457,Banking,213.76,10,46,1,0,0
458,Telecom,368.05,16,56,2,1,0
459,Healthcare,158.07,10,44,1,0,1
460,Healthcare,140.17,15,29,0,0,0
461,Banking,266.83,9,62,0,0,0
462,Retail,328.53,12,52,0,0,0
463,Banking,376.29,16,54,0,0,0
464,Retail,215.58,11,57,1,0,1
465,Telecom,330.9,16,66,2,0,0
466,Healthcare,247.11,12,22,1,0,0
467,Telecom,237.05,18,20,1,0,0
468,Retail,316.27,12,33,0,0,1
469,Retail,298.92,12,25,0,0,1
470,Telecom,131.77,8,46,0,1,1
471,Retail,360.74,14,57,0,0,0
472,Telecom,353.51,11,5,0,0,0
473,Healthcare,203.08,14,55,0,0,1
474,Telecom,279.69,10,61,1,1,0
475,Healthcare,287.05,11,8,0,0,1
476,Telecom,269.55,16,16,1,0,0
477,Retail,208.73,11,48,1,0,0
478,Telecom,199.63,7,61,0,0,0
479,Retail,248.08,11,15,0,0,1
480,Telecom,337.95,14,65,0,0,1
481,Telecom,290.77,11,22,1,1,0
482,Banking,222.2,8,3,1,0,0
483,Retail,307.88,4,54,1,0,1
484,Banking,36.36,13,14,3,0,0
485,Retail,336.16,12,36,0,0,1
486,Banking,119.52,20,67,1,0,0
487,Healthcare,222.82,18,10,0,0,0
488,Telecom,166.02,13,49,0,0,0
489,Retail,152.9,15,65,0,0,0
490,Retail,337.06,14,57,0,0,0
491,Telecom,214.92,14,27,0,0,0
492,Retail,275.99,8,5,0,0,0
493,Retail,246.48,12,71,0,0,0
494,Banking,285.78,11,57,0,0,0
495,Retail,255.76,18,15,0,0,1
496,Healthcare,153.78,16,30,0,0,0
497,Healthcare,324.72,12,20,4,0,0
498,Telecom,212.97,13,37,1,0,0
499,Retail,133.26,21,3,1,0,0
500,Telecom,217.89,14,41,0,1,1
501,Healthcare,362.56,19,39,0,0,0
502,Retail,313.77,15,26,0,0,1
503,Retail,223.85,13,2,1,0,0
504,Telecom,223.81,14,23,0,0,0
505,Healthcare,225.88,19,23,0,1,0
506,Retail,405.76,13,16,0,0,1
507,Telecom,278.65,10,9,0,0,1
508,Healthcare,282.25,11,13,1,0,0
509,Telecom,327.27,8,28,0,1,1
510,Banking,267.91,6,27,0,0,0
511,Retail,230.57,7,51,1,1,1
512,Banking,235.27,14,64,1,0,0
513,Healthcare,244.63,8,52,2,0,0
514,Banking,247.21,23,38,0,0,0
515,Banking,304.57,9,65,1,1,1
516,Healthcare,253.9,18,18,1,1,1
517,Telecom,304.95,4,63,2,0,1
518,Banking,243.95,13,51,0,0,1
519,Telecom,255.9,10,9,0,0,0
520,Banking,100.13,13,13,2,0,1
521,Telecom,318.72,9,40,1,0,1
522,Healthcare,275.99,11,55,2,0,0
523,Banking,324.85,9,43,1,0,0
524,Healthcare,32.78,6,44,1,0,0
525,Banking,406.63,10,68,0,0,1
526,Healthcare,239.53,6,33,1,0,1
527,Healthcare,333.11,15,24,1,1,1
528,Banking,172.01,12,36,0,0,1
529,Banking,295.96,10,10,0,0,1
530,Banking,170.99,12,20,0,0,1
531,Retail,203.22,13,12,0,0,1
532,Telecom,393.55,15,62,0,0,0
533,Retail,235.7,8,18,0,0,0
534,Retail,266.31,10,63,0,0,0
535,Healthcare,315.26,14,25,0,1,1
536,Banking,287.18,14,12,1,0,0
537,Telecom,261.28,13,21,1,0,0
538,Healthcare,277.37,10,25,0,1,0
539,Retail,430.26,11,11,2,0,0
540,Banking,245.68,11,64,0,0,0
541,Healthcare,265.08,15,50,2,1,0
542,Banking,328.8,14,62,0,0,0
543,Healthcare,332.91,14,49,0,0,0
544,Banking,339.03,16,14,1,1,0
545,Retail,297.9,12,1,1,0,0
546,Telecom,164.27,11,25,1,1,0
547,Retail,372.51,10,59,0,0,0
548,Telecom,164.02,16,69,0,0,0
549,Banking,272.7,16,5,0,0,0
550,Healthcare,193.43,15,19,0,1,1
551,Retail,245.19,16,23,0,0,0
552,Telecom,274.66,10,9,0,0,0
553,Retail,274.1,15,50,2,0,0
554,Telecom,281.64,16,16,0,0,0
555,Retail,371.03,10,33,0,0,0
556,Telecom,284.02,13,2,1,1,0
557,Telecom,231.69,14,14,0,0,0
558,Banking,322.31,11,1,0,0,0
559,Telecom,339.21,15,58,1,0,0
560,Banking,157.93,14,16,1,0,1
561,Telecom,294.81,13,47,0,0,0
562,Healthcare,302.59,9,44,0,0,1
563,Healthcare,227.68,7,14,0,0,0
564,Healthcare,353.18,16,24,0,0,0
565,Telecom,238.75,15,55,0,0,0
566,Banking,259.42,10,15,0,0,1
567,Banking,237.02,9,34,0,0,0
568,Telecom,251.17,13,2,0,1,0
569,Healthcare,167.78,12,27,1,0,0
570,Healthcare,142.0,10,23,1,0,0
571,Banking,369.59,21,68,0,0,1
572,Healthcare,186.48,17,14,0,0,0
573,Retail,175.65,13,63,0,0,0
574,Banking,88.5,5,65,0,0,0
575,Healthcare,202.08,13,68,0,0,0
576,Banking,150.77,18,63,1,0,0
577,Retail,373.15,8,64,0,0,0
578,Banking,325.74,10,32,0,0,0
579,Banking,198.39,15,13,0,0,1
580,Banking,418.93,10,66,1,0,0
581,Banking,323.63,9,19,0,0,1
582,Retail,225.64,14,24,0,1,0
583,Telecom,62.54,13,11,0,1,0
584,Banking,421.82,14,59,1,0,0
585,Banking,145.78,14,15,0,0,1
586,Healthcare,126.6,10,10,0,0,0
587,Banking,326.69,18,41,1,0,0
588,Healthcare,432.98,7,27,0,0,0
589,Telecom,353.82,14,60,1,1,1
590,Retail,292.29,7,52,0,0,0
591,Retail,294.61,14,28,0,1,0
592,Telecom,314.01,9,65,1,0,0
593,Retail,306.92,12,17,2,0,1
594,Telecom,271.09,20,44,0,0,1
595,Telecom,257.82,12,10,0,1,0
596,Telecom,245.31,12,63,0,0,0
597,Retail,193.45,13,47,1,0,1
598,Healthcare,228.95,9,38,0,1,1
599,Telecom,123.03,10,70,1,0,0
600,Banking,242.62,11,53,1,0,1
601,Retail,175.86,13,44,0,0,0
602,Telecom,167.23,10,54,0,0,0
603,Telecom,263.49,11,20,2,0,1
604,Banking,354.4,14,31,0,0,0
605,Healthcare,318.87,7,7,0,0,1
606,Healthcare,132.21,7,58,0,0,0
607,Healthcare,175.78,14,10,0,0,0
608,Telecom,320.56,12,10,0,0,1
609,Telecom,176.31,13,39,0,1,0
610,Telecom,233.15,11,28,0,1,0
611,Retail,291.25,16,30,2,0,1
612,Banking,177.37,7,37,0,0,0
613,Telecom,257.9,13,67,0,0,0
614,Banking,149.95,6,43,0,0,1
615,Banking,204.9,7,52,1,0,0
616,Healthcare,273.98,12,56,1,0,1
617,Retail,130.53,13,68,1,0,1
618,Telecom,283.04,14,9,0,0,0
619,Healthcare,248.53,10,23,0,0,0
620,Healthcare,291.44,13,63,2,0,1
621,Telecom,266.79,10,61,1,0,0
622,Banking,352.31,12,40,0,0,0
623,Healthcare,259.39,14,44,0,0,0
624,Banking,217.79,14,24,1,1,0
625,Retail,259.17,14,51,1,0,0
626,Banking,290.75,15,58,0,0,1
627,Retail,253.66,11,33,1,0,1
628,Banking,253.04,9,16,0,0,0
629,Healthcare,197.35,11,22,2,0,0
630,Healthcare,200.28,10,57,4,0,0
631,Retail,144.8,8,62,0,0,0
632,Telecom,381.22,10,71,0,0,1
633,Retail,156.71,11,70,0,0,1
634,Retail,198.03,14,30,0,0,1
635,Banking,196.12,14,23,0,0,0
636,Banking,317.12,8,32,0,1,0
637,Retail,227.88,13,57,0,0,0
638,Healthcare,343.58,11,9,0,0,0
639,Banking,199.49,7,31,1,0,0
640,Telecom,270.92,8,71,0,0,1
641,Banking,187.35,9,9,0,0,1
642,Banking,410.89,12,13,0,0,1
643,Telecom,160.93,17,58,1,0,1
644,Retail,273.24,10,3,0,0,0
645,Telecom,297.53,12,35,0,1,0
646,Retail,281.03,11,21,0,0,0
647,Retail,236.1,8,64,0,0,0
648,Retail,240.26,11,52,0,0,0
649,Telecom,253.29,15,34,0,0,1
650,Retail,238.97,16,35,1,0,0
651,Healthcare,322.29,12,15,0,1,0
652,Telecom,415.79,22,6,0,0,0
653,Healthcare,208.19,14,32,0,0,0
654,Retail,147.26,11,52,0,1,0
655,Banking,243.38,14,28,0,0,0
656,Retail,443.48,10,64,1,0,0
657,Healthcare,189.72,11,19,1,0,1
658,Healthcare,372.93,11,15,1,0,0
659,Telecom,375.83,11,6,1,0,0
660,Banking,208.48,11,38,2,0,0
661,Telecom,292.67,13,26,0,0,1
662,Healthcare,372.13,15,51,1,0,0
663,Retail,221.57,16,53,0,0,1
664,Banking,234.73,15,56,1,0,1
665,Retail,206.37,12,59,0,0,1
666,Retail,173.89,9,70,0,0,0
667,Banking,201.3,13,58,1,0,0
668,Telecom,158.2,15,13,0,0,0
669,Retail,252.56,9,43,0,0,0
670,Healthcare,192.25,6,51,1,1,0
671,Retail,267.53,8,19,1,0,1
672,Banking,133.31,9,21,2,0,1
673,Banking,274.82,12,24,0,1,0
674,Banking,312.51,11,26,1,0,0
675,Telecom,100.47,8,45,0,0,1
676,Retail,278.05,5,28,2,0,0
677,Telecom,342.08,13,29,0,0,0
678,Telecom,159.28,17,17,0,0,0
679,Banking,375.44,21,68,0,0,1
680,Banking,281.43,7,44,1,0,0
681,Telecom,197.12,8,61,1,0,1
682,Retail,245.82,13,68,0,0,0
683,Healthcare,291.87,19,25,0,0,0
684,Telecom,255.7,10,67,0,0,0
685,Retail,290.41,8,2,1,0,0
686,Banking,180.95,7,49,1,1,0
687,Banking,262.7,9,70,2,0,0
688,Retail,143.97,19,26,0,0,1
689,Healthcare,241.66,11,27,0,0,0
690,Banking,182.21,6,18,0,1,1
691,Banking,194.84,14,54,0,0,1
692,Banking,342.71,11,1,1,0,1
693,Retail,331.85,11,61,0,1,1
694,Telecom,295.69,10,3,0,1,0
695,Banking,168.08,13,68,0,0,0
696,Telecom,226.27,10,41,1,0,1
697,Healthcare,340.98,9,37,1,0,1
698,Banking,260.63,14,51,0,1,1
699,Banking,423.95,6,15,1,0,0
700,Healthcare,279.5,10,8,0,1,0
701,Banking,264.4,9,38,1,0,0
702,Telecom,226.82,10,56,1,0,1
703,Retail,260.02,11,47,1,0,0
704,Telecom,238.56,16,10,0,0,0
705,Retail,303.11,14,49,1,0,0
706,Retail,321.75,11,41,0,0,0
707,Telecom,191.05,11,30,1,0,0
708,Telecom,150.16,14,5,2,0,1
709,Telecom,112.28,7,71,0,0,1
710,Telecom,288.1,9,31,0,0,0
711,Healthcare,167.25,14,52,0,0,0
712,Banking,88.53,11,23,0,0,1
713,Retail,279.14,13,48,1,0,0
714,Telecom,436.97,8,40,0,1,1
715,Telecom,249.54,12,6,0,0,0
716,Telecom,312.89,9,38,0,0,0
717,Healthcare,256.14,15,41,0,0,0
718,Telecom,242.58,9,27,0,0,1
719,Telecom,318.93,13,69,2,0,0
720,Telecom,228.23,15,57,1,1,0
721,Banking,270.05,12,17,0,1,0
722,Healthcare,274.13,9,71,1,0,0
723,Telecom,199.89,13,47,0,0,0
724,Retail,324.4,10,13,0,0,0
725,Retail,236.88,12,11,1,0,0
726,Retail,193.32,15,24,0,0,0
727,Healthcare,290.24,8,4,0,0,0
728,Healthcare,182.61,12,46,0,0,0
729,Retail,252.11,12,18,1,1,0
730,Telecom,249.32,8,43,1,0,0
731,Healthcare,331.44,16,33,0,0,0
732,Retail,285.6,17,10,0,0,0
733,Retail,248.12,16,59,0,1,0
734,Telecom,311.33,13,31,0,0,0
735,Banking,354.27,9,28,0,0,0
736,Healthcare,291.84,9,60,0,0,0
737,Telecom,250.78,13,3,0,0,0
738,Retail,151.61,11,55,0,0,1
739,Retail,170.12,6,14,0,0,1
740,Telecom,227.11,8,58,1,0,0
741,Healthcare,204.29,9,15,1,0,0
742,Banking,235.98,11,2,0,1,1
743,Banking,254.25,18,24,0,0,1
744,Retail,289.73,11,64,0,0,0
745,Healthcare,244.71,14,71,1,0,0
746,Banking,286.49,14,24,0,0,0
747,Healthcare,254.84,17,27,0,0,0
748,Healthcare,101.84,9,37,2,1,0
749,Retail,179.55,12,39,0,1,0
750,Banking,239.19,9,63,2,0,1
751,Telecom,159.27,15,26,0,0,0
752,Retail,294.99,11,65,2,0,0
753,Banking,364.81,19,4,0,0,0
754,Banking,341.41,11,29,2,0,0
755,Banking,233.99,14,1,1,0,0
756,Banking,361.8,13,50,1,1,0
757,Banking,261.15,12,11,1,0,0
758,Healthcare,224.72,11,59,1,0,0
759,Retail,203.99,15,62,0,1,1
760,Healthcare,227.31,11,36,0,0,0
761,Telecom,220.89,18,56,1,0,0
762,Banking,262.78,16,21,1,0,0
763,Retail,262.04,20,13,0,0,0
764,Banking,250.23,10,9,2,1,0
765,Retail,282.77,12,11,1,1,0
766,Healthcare,339.3,9,70,0,1,0
767,Retail,321.22,10,1,1,1,0
768,Telecom,138.63,16,70,2,0,1
769,Telecom,58.46,8,56,0,1,0
770,Retail,320.07,19,31,0,1,0
771,Retail,147.48,10,37,0,0,0
772,Retail,233.14,13,47,0,0,1
773,Retail,162.24,7,47,1,0,0
774,Telecom,114.85,10,69,0,0,0
775,Banking,290.61,19,58,2,0,1
776,Retail,306.94,16,36,1,1,0
777,Retail,206.76,14,32,0,1,0
778,Telecom,55.67,14,64,0,0,0
779,Telecom,209.03,17,71,0,0,1
780,Healthcare,279.39,12,42,0,1,1
781,Retail,139.08,11,48,2,0,1
782,Healthcare,263.75,16,30,0,0,1
783,Telecom,248.85,8,21,0,0,1
784,Telecom,293.45,12,60,1,1,0
785,Banking,258.97,12,13,0,1,1
786,Retail,177.02,7,1,0,0,0
787,Healthcare,339.74,14,65,1,0,0
788,Telecom,238.11,10,33,0,1,0
789,Telecom,247.95,14,38,1,0,0
790,Healthcare,180.0,11,25,0,0,1
791,Banking,216.75,14,26,0,0,0
792,Telecom,183.64,9,59,0,0,0
793,Retail,237.03,19,33,3,0,0
794,Telecom,378.38,15,41,0,0,1
795,Retail,147.11,7,30,2,1,0
796,Healthcare,128.98,11,57,0,0,0
797,Retail,360.34,10,49,1,1,0
798,Healthcare,234.3,11,48,0,1,0
799,Retail,199.82,12,49,0,0,0
800,Healthcare,327.99,9,47,1,0,0
801,Retail,204.58,14,56,1,0,1
802,Banking,386.95,11,65,1,0,0
803,Retail,300.84,15,12,0,0,0
804,Retail,213.41,11,69,0,0,0
805,Banking,411.8,9,6,0,0,0
806,Telecom,204.57,12,65,1,0,0
807,Telecom,305.66,11,25,0,1,0
808,Retail,272.45,10,1,0,0,0
809,Banking,347.63,9,32,2,0,1
810,Retail,367.11,9,3,1,0,0
811,Healthcare,252.4,15,49,1,1,0
812,Healthcare,193.49,7,19,1,0,0
813,Retail,284.5,11,60,0,0,0
814,Telecom,199.17,12,29,0,0,0
815,Telecom,401.0,11,50,0,0,0
816,Retail,260.24,14,2,0,1,1
817,Retail,222.6,9,56,1,0,0
818,Healthcare,263.85,8,17,0,0,0
819,Telecom,148.97,11,60,0,0,1
820,Retail,177.13,10,36,0,1,0
821,Healthcare,340.03,14,61,0,0,1
822,Telecom,200.73,15,17,0,1,0
823,Banking,171.48,16,49,0,0,0
824,Healthcare,290.25,14,60,0,0,0
825,Telecom,338.93,9,20,0,0,1
826,Telecom,303.92,10,50,0,0,1
827,Healthcare,324.7,9,3,1,0,0
828,Banking,193.24,5,43,0,1,0
829,Healthcare,143.36,13,57,0,0,0
830,Telecom,362.6,11,50,0,1,0
831,Retail,225.8,12,68,1,0,0
832,Retail,231.19,5,50,0,0,0
833,Healthcare,349.61,10,37,0,1,0
834,Telecom,291.72,8,46,0,0,0
835,Retail,284.19,7,42,0,0,0
836,Telecom,412.38,7,15,1,1,1
837,Healthcare,201.74,18,33,1,0,1
838,Retail,319.59,16,11,0,0,0
839,Telecom,254.28,17,20,2,1,1
840,Retail,270.14,10,24,0,0,0
841,Healthcare,364.64,11,64,1,1,1
842,Telecom,288.09,12,65,0,0,0
843,Retail,290.37,14,17,1,0,0
844,Healthcare,330.44,10,61,0,0,1
845,Retail,222.63,15,15,0,0,0
846,Retail,187.06,13,51,0,0,1
847,Banking,171.64,12,27,1,1,1
848,Banking,102.52,11,61,1,0,1
849,Healthcare,404.22,10,58,0,0,0
850,Banking,167.26,8,31,0,0,0
851,Healthcare,233.41,19,12,2,0,0
852,Banking,229.24,15,46,0,0,1
853,Retail,273.06,15,31,0,0,0
854,Healthcare,311.18,13,32,1,0,0
855,Healthcare,314.54,13,32,1,0,0
856,Retail,206.27,5,53,0,0,0
857,Healthcare,237.47,10,61,0,0,0
858,Healthcare,271.19,10,46,0,0,0
859,Banking,231.35,13,7,1,0,1
860,Healthcare,370.55,11,4,0,0,0
861,Telecom,286.82,8,52,0,1,1
862,Retail,305.12,10,31,0,1,0
863,Banking,299.72,13,36,1,0,0
864,Banking,338.01,10,54,0,0,0
865,Telecom,263.58,9,54,0,1,0
866,Retail,152.74,15,17,0,0,0
867,Retail,279.98,10,30,0,0,1
868,Banking,201.15,10,22,0,0,0
869,Healthcare,210.35,13,43,0,0,0
870,Banking,293.98,11,27,1,0,0
871,Retail,342.87,8,37,0,0,1
872,Telecom,251.6,7,46,1,0,0
873,Banking,273.16,18,35,1,0,0
874,Retail,377.67,21,4,0,1,0
875,Banking,268.06,15,26,0,0,1
876,Healthcare,445.13,17,19,0,0,0
877,Banking,292.41,12,45,1,0,0
878,Banking,117.94,10,26,0,0,0
879,Retail,306.5,15,22,0,0,1
880,Retail,278.59,4,58,0,0,0
881,Retail,346.73,12,63,0,0,1
882,Banking,300.49,11,28,0,0,0
883,Healthcare,239.62,21,65,0,0,0
884,Telecom,158.18,12,44,1,0,0
885,Telecom,234.32,18,43,2,0,1
886,Retail,186.21,10,37,2,0,0
887,Retail,206.46,16,66,1,0,1
888,Banking,294.14,13,17,0,0,0
889,Telecom,375.24,11,40,1,0,1
890,Retail,279.6,11,38,0,0,0
891,Healthcare,160.31,11,61,0,0,0
892,Healthcare,283.35,10,9,1,0,0
893,Retail,339.75,8,61,0,1,0
894,Retail,204.27,12,16,1,1,0
895,Telecom,239.95,10,2,0,0,0
896,Telecom,251.1,12,43,1,0,0
897,Banking,191.13,20,42,0,0,0
898,Telecom,298.62,12,57,0,0,0
899,Healthcare,240.93,12,67,2,0,0
900,Healthcare,281.46,9,30,0,0,0
901,Retail,183.44,7,13,2,0,0
902,Telecom,217.19,12,19,3,0,0
903,Banking,304.18,14,7,1,0,0
904,Healthcare,222.04,14,9,0,0,1
905,Healthcare,379.52,10,54,1,0,1
906,Banking,220.03,7,61,1,0,0
907,Banking,266.85,16,2,0,0,0
908,Healthcare,319.94,11,50,0,0,0
909,Healthcare,143.62,16,31,1,0,0
910,Banking,117.94,17,33,0,0,0
911,Healthcare,135.58,8,11,0,0,0
912,Retail,344.69,8,33,0,0,0
913,Retail,208.61,12,7,0,0,0
914,Banking,441.86,8,31,1,0,0
915,Telecom,207.68,13,48,0,0,0
916,Banking,263.84,14,47,0,0,0
917,Banking,365.66,18,53,0,1,0
918,Telecom,400.46,9,19,1,0,0
919,Telecom,404.61,14,6,1,0,1
920,Telecom,340.63,10,49,0,0,1
921,Retail,326.8,13,50,0,1,0
922,Healthcare,294.44,8,12,1,0,0
923,Retail,308.38,15,23,1,0,0
924,Healthcare,208.66,8,54,0,0,0
925,Retail,188.64,13,69,2,1,0
926,Healthcare,249.75,12,59,0,0,0
927,Retail,237.24,10,36,1,0,0
928,Telecom,216.01,8,3,1,0,0
929,Banking,302.23,11,58,0,0,1
930,Retail,321.65,11,55,2,1,1
931,Healthcare,256.63,13,57,1,0,0
932,Telecom,360.81,18,17,0,0,0
933,Retail,164.37,12,39,1,1,0
934,Retail,235.48,15,68,0,1,1
935,Telecom,196.24,12,55,0,0,1
936,Retail,110.01,18,45,1,0,1
937,Banking,243.8,12,1,0,1,0
938,Retail,240.87,12,21,1,0,1
939,Banking,363.51,13,21,2,1,0
940,Banking,297.31,12,52,0,1,1
941,Telecom,173.19,6,43,0,0,1
942,Retail,389.06,16,52,0,1,0
943,Telecom,341.58,8,67,1,0,0
944,Retail,293.66,15,44,0,0,1
945,Retail,233.01,13,32,0,0,0
946,Healthcare,178.04,3,10,0,1,0
947,Retail,222.08,16,64,0,0,0
948,Telecom,331.66,16,69,1,0,0
949,Banking,391.34,11,68,1,1,0
950,Retail,365.74,11,28,0,0,0
951,Healthcare,213.34,13,53,0,0,0
952,Telecom,166.03,10,51,1,1,0
953,Retail,260.57,11,53,0,0,0
954,Telecom,117.37,13,4,0,1,0
955,Healthcare,274.24,10,17,1,1,0
956,Healthcare,238.93,11,67,0,0,0
957,Telecom,215.05,15,47,2,0,0
958,Retail,130.4,5,56,1,0,1
959,Banking,288.52,18,23,1,0,0
960,Healthcare,210.05,12,18,0,0,1
961,Retail,162.26,10,1,1,0,0
962,Retail,34.58,13,35,0,0,1
963,Banking,247.94,7,64,1,0,0
964,Healthcare,382.92,21,58,0,0,0
965,Healthcare,374.59,13,59,0,0,0
966,Retail,215.72,13,1,0,0,0
967,Retail,204.83,13,3,2,0,0
968,Banking,285.16,11,67,0,0,0
969,Banking,175.12,13,37,2,0,0
970,Healthcare,272.63,10,29,0,0,1
971,Telecom,307.46,14,33,0,1,0
972,Healthcare,342.02,8,61,0,0,0
973,Retail,242.49,12,4,1,0,0
974,Healthcare,234.72,13,14,1,0,0
975,Telecom,184.15,10,33,1,0,1
976,Banking,187.98,9,22,0,0,1
977,Telecom,233.01,9,48,0,0,1
978,Telecom,277.55,11,3,0,0,1
979,Telecom,318.52,11,23,0,0,0
980,Banking,189.76,17,68,1,1,0
981,Telecom,361.95,12,21,0,0,0
982,Telecom,229.67,11,43,0,0,1
983,Telecom,248.4,14,26,0,1,1
984,Retail,193.96,19,41,0,0,0
985,Telecom,68.18,10,38,0,0,0
986,Banking,316.3,9,11,0,0,1
987,Telecom,305.26,15,29,0,0,0
988,Telecom,228.9,11,60,1,0,1
989,Banking,255.02,13,67,0,0,0
990,Telecom,288.7,15,65,0,0,0
991,Banking,132.81,17,61,1,0,0
992,Telecom,210.32,19,19,1,0,0
993,Banking,309.57,10,46,1,0,0
994,Telecom,155.93,11,49,0,0,0
995,Telecom,272.02,11,22,1,0,1
996,Retail,148.26,9,57,1,0,0
997,Retail,284.98,10,14,2,0,1
998,Telecom,247.33,8,44,0,0,0
999,Telecom,128.87,11,16,0,0,1
1000,Healthcare,337.36,8,12,1,0,0
1001,Banking,194.91,14,55,2,0,0
1002,Healthcare,189.23,14,51,0,0,0
1003,Retail,265.04,12,39,1,0,0
1004,Retail,336.15,14,33,0,0,1
1005,Retail,173.81,12,33,0,0,0
1006,Retail,254.63,14,29,0,0,0
1007,Telecom,282.16,11,69,1,0,1
1008,Retail,301.98,14,70,1,0,0
1009,Telecom,263.23,16,31,0,1,1
1010,Telecom,222.47,11,31,0,0,0
1011,Retail,187.93,9,46,0,0,1
1012,Retail,256.46,13,52,0,1,0
1013,Banking,169.59,10,10,2,0,1
1014,Healthcare,30.9,16,41,0,0,0
1015,Retail,282.74,8,3,0,0,0
1016,Banking,317.8,10,59,0,0,0
1017,Banking,72.78,12,52,1,0,0
1018,Healthcare,174.27,8,34,0,0,0
1019,Telecom,296.44,19,49,1,0,0
1020,Retail,404.31,12,28,1,0,0
1021,Healthcare,251.56,7,13,0,0,1
1022,Retail,195.4,10,69,0,0,0
1023,Banking,236.28,3,67,0,1,1
1024,Banking,353.12,15,61,1,0,0
1025,Telecom,201.55,12,60,0,1,0
1026,Banking,190.06,11,71,1,0,1
1027,Banking,213.79,15,24,1,0,1
1028,Healthcare,178.5,11,63,0,0,0
1029,Retail,259.2,12,61,0,0,0
1030,Retail,371.85,10,23,0,1,0
1031,Healthcare,274.23,12,30,1,1,0
1032,Telecom,231.07,8,60,0,0,0
1033,Retail,228.11,10,18,0,0,0
1034,Banking,132.76,5,56,1,0,0
1035,Retail,316.23,6,53,0,1,0
1036,Banking,244.16,11,7,0,0,1
1037,Telecom,236.46,9,69,1,0,1
1038,Healthcare,489.48,6,52,0,0,0
1039,Retail,272.41,10,4,0,0,0
1040,Healthcare,193.62,18,34,0,1,0
1041,Retail,218.02,6,69,0,0,1
1042,Banking,336.13,21,33,1,0,0
1043,Healthcare,258.5,11,69,1,0,0
1044,Retail,142.13,10,38,1,0,0
1045,Banking,318.94,12,26,0,0,0
1046,Healthcare,199.89,16,1,0,0,0
1047,Healthcare,390.5,13,4,0,0,1
1048,Retail,331.0,12,39,0,1,0
1049,Retail,216.45,13,54,1,0,0
1050,Retail,346.08,15,33,2,0,0
1051,Banking,255.09,11,33,1,0,0
1052,Retail,313.96,11,20,0,0,0
1053,Healthcare,286.35,12,16,0,0,0
1054,Healthcare,186.52,13,21,0,1,0
1055,Retail,201.73,16,45,0,0,1
1056,Retail,327.25,9,62,1,0,1
1057,Telecom,224.89,9,31,0,0,0
1058,Healthcare,219.73,14,42,1,0,1
1059,Banking,178.37,13,12,0,0,1
1060,Telecom,281.77,7,65,1,0,0
1061,Retail,404.69,17,3,0,0,0
1062,Retail,169.94,14,9,0,0,0
1063,Healthcare,251.82,6,51,0,0,0
1064,Retail,355.92,11,16,2,0,1
1065,Banking,244.03,20,3,0,0,0
1066,Healthcare,283.93,10,24,0,0,0
1067,Retail,170.32,10,13,1,0,0
1068,Healthcare,282.12,14,2,0,1,0
1069,Retail,235.96,15,71,2,0,0
1070,Retail,323.93,10,21,0,0,0
1071,Retail,339.05,12,19,0,0,0
1072,Banking,444.22,8,47,0,1,1
1073,Banking,293.47,11,22,0,1,1
1074,Healthcare,274.43,14,33,1,0,1
1075,Retail,264.58,13,32,0,0,1
1076,Retail,223.51,14,64,0,1,1
1077,Banking,275.39,13,39,0,0,0
1078,Retail,227.84,9,42,0,0,0
1079,Banking,262.63,12,9,1,1,0
1080,Retail,348.82,6,25,0,0,0
1081,Healthcare,174.51,10,2,0,0,0
1082,Retail,335.49,12,19,0,1,1
1083,Retail,348.78,10,20,0,0,0
1084,Telecom,241.14,9,70,1,0,0
1085,Banking,90.86,14,17,1,0,0
1086,Retail,204.41,11,68,0,0,0
1087,Retail,347.27,15,3,1,0,1
1088,Telecom,248.28,5,51,1,0,0
1089,Telecom,175.05,9,26,0,0,0
1090,Banking,212.14,16,56,2,1,0
1091,Telecom,313.05,14,64,0,0,1
1092,Healthcare,291.01,10,8,0,0,0
1093,Telecom,232.08,15,37,1,0,0
1094,Healthcare,222.49,16,27,0,0,1
1095,Banking,220.62,11,45,0,0,0
1096,Banking,180.82,9,4,1,1,0
1097,Banking,371.15,8,37,0,0,0
1098,Banking,225.83,13,71,1,0,1
1099,Banking,341.29,12,33,0,0,0
1100,Healthcare,364.1,13,31,1,0,0
1101,Healthcare,324.87,12,55,1,0,0
1102,Banking,217.63,9,12,0,0,0
1103,Telecom,280.28,10,11,0,0,0
1104,Retail,248.19,12,32,1,1,0
1105,Banking,182.22,9,57,0,0,0
1106,Telecom,274.33,7,38,0,0,0
1107,Retail,161.57,15,60,0,0,0
1108,Banking,339.08,7,19,0,0,0
1109,Banking,215.15,16,56,0,0,0
1110,Healthcare,265.09,13,14,0,0,0
1111,Retail,271.25,12,33,0,0,0
1112,Retail,230.58,13,10,1,1,1
1113,Telecom,294.0,11,64,0,0,0
1114,Healthcare,214.38,12,64,0,0,0
1115,Healthcare,315.35,14,62,1,1,0
1116,Healthcare,149.05,8,68,0,0,0
1117,Healthcare,259.48,8,43,1,0,1
1118,Retail,395.42,12,59,0,1,0
1119,Retail,174.98,7,52,0,0,0
1120,Banking,199.17,13,19,1,0,0
1121,Banking,288.54,7,21,1,0,0
1122,Healthcare,263.47,9,22,0,0,0
1123,Healthcare,276.3,9,9,0,0,0
1124,Healthcare,286.69,19,9,1,0,1
1125,Banking,297.6,7,27,0,0,1
1126,Telecom,333.23,9,17,0,0,0
1127,Telecom,280.74,9,44,1,0,0
1128,Banking,231.91,18,45,0,1,1
1129,Banking,300.44,14,8,0,1,0
1130,Banking,392.49,24,18,2,0,0
1131,Banking,240.05,14,33,0,1,1
1132,Banking,176.91,18,1,0,0,0
1133,Banking,333.03,12,6,1,0,0
1134,Healthcare,240.97,11,41,0,0,0
1135,Healthcare,87.05,18,55,0,0,0
1136,Healthcare,313.56,10,5,1,1,1
1137,Healthcare,209.85,10,59,0,0,0
1138,Banking,243.21,10,18,1,0,1
1139,Telecom,274.9,14,49,0,0,0
1140,Retail,264.29,9,65,3,0,0
1141,Banking,303.21,7,54,0,0,0
1142,Retail,217.34,11,61,1,1,0
1143,Telecom,288.48,6,8,2,0,0
1144,Healthcare,230.53,16,3,2,0,0
1145,Telecom,305.41,11,25,1,0,1
1146,Banking,296.15,17,69,0,0,1
1147,Healthcare,179.84,12,55,0,0,0
1148,Banking,331.45,7,40,0,0,0
1149,Healthcare,209.8,11,50,2,0,1
1150,Retail,310.6,12,33,0,0,0
1151,Retail,277.55,15,18,0,1,0
1152,Retail,387.86,8,57,1,0,1
1153,Telecom,233.24,8,16,2,0,0
1154,Banking,223.8,13,38,3,1,0
1155,Telecom,248.54,13,41,0,0,0
1156,Retail,227.26,10,7,1,0,0
1157,Banking,310.0,13,53,0,0,0
1158,Retail,128.78,13,63,0,0,0
1159,Telecom,170.97,15,32,0,0,1
1160,Telecom,169.91,9,38,0,0,0
1161,Telecom,321.27,7,22,0,1,0
1162,Retail,378.3,8,16,0,1,0
1163,Banking,242.17,16,52,0,0,1
1164,Banking,237.34,13,29,0,0,1
1165,Retail,255.25,16,16,1,1,1
1166,Banking,337.14,13,17,0,0,0
1167,Retail,180.45,20,64,0,0,1
1168,Banking,267.88,13,13,0,0,0
1169,Healthcare,323.14,14,56,0,1,0
1170,Healthcare,287.58,9,5,0,0,0
1171,Telecom,264.22,18,12,0,0,0
1172,Healthcare,325.08,8,41,0,0,1
1173,Healthcare,47.26,12,3,1,1,0
1174,Healthcare,300.84,8,33,1,0,0
1175,Retail,200.94,9,50,1,0,0
1176,Healthcare,112.7,14,56,0,0,0
1177,Healthcare,288.34,15,9,0,0,0
1178,Telecom,353.02,11,50,0,0,0
1179,Healthcare,239.69,10,29,0,1,0
1180,Healthcare,321.47,13,39,0,0,0
1181,Banking,370.92,18,45,1,0,1
1182,Telecom,348.62,17,17,1,0,1
1183,Telecom,373.0,14,56,1,0,1
1184,Telecom,305.66,8,46,0,0,1
1185,Telecom,255.66,6,67,0,0,0
1186,Telecom,129.85,7,69,0,1,1
1187,Telecom,231.55,15,14,0,0,0
1188,Retail,186.76,7,67,0,0,1
1189,Healthcare,412.82,8,23,2,0,0
1190,Telecom,236.81,16,61,3,0,1
1191,Healthcare,259.24,14,23,0,0,0
1192,Healthcare,291.36,14,27,0,0,0
1193,Retail,253.27,13,54,1,0,0
1194,Telecom,377.13,17,10,0,0,0
1195,Banking,203.3,8,16,0,0,1
1196,Retail,264.6,9,41,0,0,0
1197,Banking,194.31,7,55,1,0,0
1198,Healthcare,151.0,18,61,1,1,1
1199,Healthcare,204.12,13,49,0,0,0
1200,Retail,247.22,11,52,0,1,0
1201,Retail,217.8,19,2,1,0,0
1202,Banking,198.07,9,50,0,0,0
1203,Telecom,144.53,13,43,0,0,1
1204,Banking,243.77,9,8,0,0,1
1205,Retail,137.15,13,59,0,0,1
1206,Banking,307.0,16,65,0,0,0
1207,Retail,256.18,14,12,0,0,0
1208,Banking,140.68,13,4,0,0,0
1209,Retail,226.81,9,41,1,0,1
1210,Retail,193.59,12,7,1,1,0
1211,Retail,273.94,21,69,1,0,0
1212,Telecom,350.53,10,69,1,0,0
1213,Banking,109.36,11,30,1,0,0
1214,Banking,258.63,13,6,0,1,1
1215,Banking,237.99,16,19,0,0,0
1216,Retail,300.35,6,66,1,0,0
1217,Banking,265.99,7,10,0,0,0
1218,Banking,193.6,18,16,1,0,1
1219,Retail,226.07,16,37,2,0,0
1220,Healthcare,190.3,14,32,0,0,0
1221,Retail,330.7,8,47,1,1,0
1222,Banking,251.6,13,43,1,1,0
1223,Retail,392.59,10,36,0,0,1
1224,Healthcare,245.45,16,26,0,1,0
1225,Retail,196.87,15,10,1,0,1
1226,Banking,136.47,17,31,0,1,0
1227,Healthcare,114.76,13,29,1,0,1
1228,Telecom,131.19,11,5,1,0,1
1229,Banking,270.03,6,1,1,1,0
1230,Healthcare,288.15,17,3,1,1,0
1231,Healthcare,131.41,9,67,0,0,0
1232,Telecom,317.13,10,71,1,0,0
1233,Retail,213.77,11,35,0,0,0
1234,Retail,261.01,8,15,1,1,0
1235,Banking,370.92,11,67,0,0,1
1236,Telecom,317.26,14,30,0,0,0
1237,Retail,229.86,14,43,0,0,1
1238,Telecom,183.16,16,60,0,0,0
1239,Retail,88.61,9,40,0,0,0
1240,Healthcare,196.06,13,65,1,0,1
1241,Retail,234.17,11,29,0,0,0
1242,Telecom,175.96,16,19,0,0,0
1243,Healthcare,240.16,11,3,0,0,1
1244,Healthcare,255.76,9,36,1,0,1
1245,Healthcare,233.14,12,43,0,0,0
1246,Telecom,201.25,15,15,0,0,0
1247,Banking,262.65,14,41,0,0,0
1248,Banking,283.15,12,36,1,0,0
1249,Banking,168.22,12,33,0,0,0
1250,Telecom,355.82,18,5,0,0,0
1251,Healthcare,242.61,20,14,2,0,0
1252,Banking,251.41,13,68,0,0,1
1253,Telecom,303.12,7,47,0,1,1
1254,Banking,267.49,7,54,0,0,0
1255,Retail,321.49,11,4,2,1,0
1256,Banking,271.53,9,9,0,0,0
1257,Banking,204.07,11,53,0,1,0
1258,Healthcare,277.11,14,60,0,0,0
1259,Telecom,164.22,12,46,0,0,0
1260,Healthcare,258.14,10,54,0,1,0
1261,Healthcare,247.51,8,37,0,0,1
1262,Healthcare,234.39,9,23,0,0,1
1263,Healthcare,240.36,15,27,1,0,1
1264,Healthcare,108.86,6,70,0,1,0
1265,Banking,208.85,11,66,0,0,0
1266,Healthcare,256.96,14,61,2,0,0
1267,Healthcare,261.99,9,51,0,0,1
1268,Telecom,172.92,11,50,0,0,0
1269,Retail,344.93,21,19,1,0,0
1270,Banking,185.04,10,1,1,0,0
1271,Banking,322.71,8,40,3,1,0
1272,Banking,282.04,15,32,0,0,0
1273,Healthcare,201.53,10,22,0,0,0
1274,Healthcare,383.15,11,66,0,0,0
1275,Healthcare,160.48,11,40,0,0,0
1276,Telecom,318.94,12,38,1,0,0
1277,Retail,325.04,17,48,1,0,0
1278,Healthcare,199.7,15,55,0,0,1
1279,Retail,354.43,10,55,1,0,0
1280,Telecom,231.25,4,51,0,0,0
1281,Banking,271.65,12,60,2,0,0
1282,Healthcare,269.52,13,8,1,0,1
1283,Retail,239.93,21,68,2,0,0
1284,Retail,310.81,8,9,1,0,0
1285,Healthcare,309.51,12,2,0,0,0
1286,Banking,118.86,6,70,1,1,0
1287,Banking,347.83,12,59,2,0,0
1288,Banking,125.31,12,19,1,0,0
1289,Telecom,327.44,14,28,0,0,1
1290,Retail,334.5,12,14,0,1,1
1291,Retail,168.18,13,24,0,0,1
1292,Retail,219.19,11,44,0,1,0
1293,Telecom,167.07,7,56,0,0,1
1294,Retail,233.88,12,51,2,1,0
1295,Telecom,226.9,11,32,1,0,0
1296,Banking,308.47,16,50,0,0,1
1297,Healthcare,348.27,6,41,0,0,0
1298,Retail,354.68,17,66,1,1,0
1299,Retail,207.84,14,25,1,0,0
1300,Banking,234.31,13,61,0,0,0
1301,Healthcare,123.74,15,66,0,0,1
1302,Telecom,189.56,13,42,0,0,0
1303,Healthcare,322.36,13,65,0,0,0
1304,Banking,371.17,11,36,1,0,0
1305,Banking,157.42,14,9,0,0,1
1306,Healthcare,205.57,7,36,1,1,0
1307,Telecom,248.02,12,38,1,0,0
1308,Telecom,271.01,16,33,1,0,1
1309,Retail,189.28,12,42,0,0,0
1310,Telecom,281.8,11,61,0,1,0
1311,Healthcare,214.46,12,46,0,0,1
1312,Banking,248.92,9,61,0,0,0
1313,Retail,290.97,12,18,0,1,1
1314,Retail,250.48,7,70,2,0,0
1315,Banking,217.27,20,15,2,0,1
1316,Telecom,241.78,8,48,0,0,1
1317,Banking,243.37,10,13,2,1,0
1318,Telecom,222.25,10,43,0,0,0
1319,Banking,230.59,12,60,0,0,1
1320,Healthcare,369.9,11,57,1,0,0
1321,Telecom,292.07,9,71,2,0,0
1322,Healthcare,227.84,15,17,0,1,0
1323,Retail,302.27,14,50,0,0,1
1324,Banking,224.96,11,32,0,0,1
1325,Retail,337.98,10,22,0,1,0
1326,Retail,277.72,9,55,1,0,0
1327,Retail,241.95,10,57,0,0,1
1328,Retail,283.58,10,13,0,1,1
1329,Banking,132.18,7,47,1,0,0
1330,Retail,165.49,12,62,1,0,1
1331,Banking,160.46,18,54,0,0,1
1332,Banking,260.72,9,29,0,0,0
1333,Healthcare,379.94,9,22,0,1,1
1334,Telecom,417.35,4,65,1,0,0
1335,Telecom,297.85,15,29,0,0,0
1336,Banking,287.56,12,48,1,0,0
1337,Healthcare,114.92,8,5,1,0,1
1338,Banking,209.3,11,35,0,1,1
1339,Banking,190.92,12,71,3,0,0
1340,Banking,203.44,11,46,1,1,0
1341,Healthcare,237.39,13,35,0,0,0
1342,Telecom,214.59,12,45,1,0,1
1343,Healthcare,101.55,15,13,0,0,1
1344,Retail,306.09,12,10,0,1,0
1345,Healthcare,169.54,13,66,1,0,0
1346,Healthcare,267.94,4,70,0,0,0
1347,Healthcare,405.56,8,25,0,0,0
1348,Healthcare,181.05,8,44,0,0,0
1349,Telecom,60.23,9,60,1,0,1
1350,Retail,228.55,9,47,0,1,0
1351,Telecom,332.57,5,40,1,0,0
1352,Telecom,396.88,5,7,0,0,0
1353,Healthcare,157.78,12,46,1,0,0
1354,Banking,287.25,13,23,0,0,0
1355,Banking,215.1,8,46,1,0,0
1356,Telecom,242.05,13,13,3,0,0
1357,Telecom,448.33,15,21,1,0,1
1358,Healthcare,137.28,7,1,0,0,0
1359,Telecom,269.03,14,19,1,0,1
1360,Healthcare,285.08,14,60,0,0,0
1361,Banking,331.43,9,33,0,0,0
1362,Banking,257.35,9,4,0,0,0
1363,Retail,273.1,14,3,0,0,1
1364,Banking,220.63,18,52,2,0,0
1365,Telecom,270.18,9,28,1,0,0
1366,Banking,224.26,11,70,0,0,1
1367,Healthcare,296.62,12,70,0,0,0
1368,Banking,222.28,11,55,1,0,1
1369,Retail,278.28,8,57,0,0,0
1370,Banking,247.81,11,16,1,1,0
1371,Healthcare,334.45,15,24,1,0,0
1372,Healthcare,246.15,8,69,0,0,1
1373,Telecom,117.02,7,41,0,1,0
1374,Banking,344.64,15,47,1,0,0
1375,Healthcare,182.07,12,69,0,0,0
1376,Retail,200.97,11,31,0,0,0
1377,Telecom,205.33,13,30,1,0,1
1378,Retail,353.08,18,18,2,0,0
1379,Banking,89.82,12,44,1,0,0
1380,Banking,485.33,15,27,0,0,0
1381,Banking,329.2,8,26,1,0,0
1382,Telecom,266.74,14,60,0,0,0
1383,Healthcare,245.88,12,18,3,0,0
1384,Telecom,271.42,10,56,1,0,1
1385,Retail,289.08,11,31,0,0,1
1386,Telecom,298.39,13,59,1,0,0
1387,Retail,291.67,16,2,0,0,1
1388,Telecom,256.72,16,39,0,0,0
1389,Healthcare,235.2,10,61,0,0,0
1390,Retail,238.65,13,63,1,1,0
1391,Banking,235.38,9,18,0,1,0
1392,Banking,335.03,16,17,0,0,0
1393,Telecom,294.52,16,39,1,0,1
1394,Banking,29.47,15,71,2,0,1
1395,Retail,299.19,9,54,0,0,0
1396,Banking,264.61,17,35,0,1,0
1397,Healthcare,248.6,8,11,1,0,1
1398,Healthcare,220.86,20,61,0,1,0
1399,Telecom,334.31,10,44,0,0,0
1400,Retail,321.06,14,68,0,0,0
1401,Healthcare,192.03,15,25,0,0,0
1402,Healthcare,280.53,12,48,1,0,0
1403,Retail,177.13,11,32,2,0,1
1404,Banking,146.53,11,4,0,0,1
1405,Banking,203.0,12,38,2,0,0
1406,Telecom,314.68,10,63,1,0,1
1407,Banking,321.48,14,47,0,0,0
1408,Retail,288.48,14,1,1,0,0
1409,Healthcare,304.38,14,3,0,1,1
1410,Banking,288.71,13,62,0,0,0
1411,Telecom,201.89,12,64,0,0,0
1412,Banking,282.39,6,17,1,1,0
1413,Retail,310.03,20,62,2,0,1
1414,Telecom,306.57,12,35,0,0,1
1415,Banking,339.17,12,13,0,1,1
1416,Telecom,303.12,9,35,0,0,0
1417,Retail,276.36,8,43,0,0,1
1418,Healthcare,330.26,12,2,2,0,0
1419,Retail,248.01,9,56,1,0,1
1420,Retail,183.86,11,51,1,0,0
1421,Retail,237.77,13,54,0,1,0
1422,Retail,194.13,12,16,0,0,0
1423,Healthcare,199.36,19,18,2,0,1
1424,Healthcare,239.16,5,7,2,0,1
1425,Telecom,190.57,9,45,0,0,0
1426,Banking,226.9,11,36,0,1,0
1427,Healthcare,107.98,10,41,0,0,1
1428,Healthcare,266.0,12,42,0,1,0
1429,Banking,250.09,14,7,1,0,1
1430,Healthcare,188.72,9,15,0,0,1
1431,Retail,299.44,13,60,1,1,0
1432,Retail,320.32,12,40,0,1,0
1433,Banking,129.43,13,37,1,1,0
1434,Telecom,192.8,10,66,0,0,0
1435,Telecom,192.31,6,55,0,0,0
1436,Banking,179.51,15,56,1,0,1
1437,Banking,312.21,12,44,0,1,0
1438,Retail,235.46,11,57,1,0,0
1439,Telecom,230.16,9,6,0,0,0
1440,Healthcare,99.71,10,32,0,0,0
1441,Retail,297.66,4,18,2,0,1
1442,Banking,157.06,16,68,0,1,0
1443,Telecom,254.49,8,7,0,0,0
1444,Healthcare,270.8,11,8,0,0,1
1445,Healthcare,352.05,15,64,0,0,0
1446,Retail,151.84,5,7,1,0,0
1447,Telecom,23.54,11,41,0,0,0
1448,Telecom,263.79,19,40,0,0,1
1449,Banking,385.04,9,3,0,0,0
1450,Telecom,342.92,17,17,0,0,1
1451,Telecom,265.72,15,66,0,0,1
1452,Retail,213.13,12,52,1,0,0
1453,Telecom,310.53,7,22,0,0,0
1454,Healthcare,176.98,9,4,0,0,0
1455,Retail,285.73,14,6,0,0,0
1456,Retail,287.91,13,38,0,0,1
1457,Banking,329.52,11,26,1,1,0
1458,Telecom,456.97,17,11,1,0,0
1459,Banking,279.43,13,17,2,0,1
1460,Healthcare,211.83,9,31,2,1,0
1461,Retail,248.08,19,35,0,0,0
1462,Retail,117.32,16,16,1,1,0
1463,Retail,197.9,12,18,1,0,0
1464,Healthcare,219.3,12,62,1,1,1
1465,Healthcare,210.69,12,27,0,1,0
1466,Banking,261.43,13,35,0,0,0
1467,Banking,188.32,13,45,0,0,0
1468,Banking,334.08,8,35,0,0,0
1469,Telecom,250.02,20,28,0,0,0
1470,Retail,249.3,11,9,1,0,0
1471,Retail,225.41,13,15,1,0,1
1472,Banking,261.64,11,21,0,0,1
1473,Retail,311.88,21,52,0,0,0
1474,Banking,184.97,11,35,2,1,0
1475,Telecom,200.64,9,51,0,0,0
1476,Telecom,227.22,8,55,3,0,0
1477,Healthcare,149.06,12,44,0,0,0
1478,Telecom,188.56,16,65,0,0,0
1479,Banking,214.28,12,25,0,0,0
1480,Telecom,315.58,9,47,0,1,0
1481,Healthcare,269.69,15,56,0,0,1
1482,Retail,264.52,10,38,0,0,0
1483,Banking,313.82,18,11,0,1,1
1484,Retail,239.7,6,67,0,1,0
1485,Healthcare,279.28,12,15,0,0,0
1486,Healthcare,242.26,22,1,0,0,1
1487,Healthcare,269.9,12,7,0,0,0
1488,Retail,206.29,13,1,2,0,1
1489,Retail,67.09,8,49,0,1,0
1490,Retail,239.93,10,29,0,0,0
1491,Retail,356.71,13,26,1,0,0
1492,Healthcare,319.47,15,45,0,1,0
1493,Healthcare,322.4,11,71,1,0,1
1494,Banking,342.71,9,12,0,1,1
1495,Banking,256.65,8,32,0,0,1
1496,Retail,264.8,8,20,0,0,0
1497,Telecom,203.68,14,51,0,0,0
1498,Telecom,226.29,11,36,1,0,0
1499,Healthcare,296.18,13,67,1,0,0
1500,Healthcare,340.29,6,1,0,0,1
